{
  "gpsLatitude": 43.6618752,
  "gpsLongitude": 7.0586624,
  "time": []
}